Pacific Decadal Oscillation (PDO),,
Date,noaa,JRA55
185401,0.11,-9999
185402,-0.24,-9999
185403,-0.4,-9999
185404,-0.44,-9999
185405,-0.54,-9999
185406,-0.3,-9999
185407,-0.1,-9999
185408,-1.24,-9999
185409,-1,-9999
185410,-2.23,-9999
185411,-1.68,-9999
185412,-1.76,-9999
185501,-0.2,-9999
185502,-0.39,-9999
185503,-0.24,-9999
185504,-0.58,-9999
185505,-1.34,-9999
185506,-1.88,-9999
185507,-1.13,-9999
185508,-0.48,-9999
185509,-0.76,-9999
185510,-0.63,-9999
185511,-0.41,-9999
185512,-0.88,-9999
185601,-0.39,-9999
185602,0.47,-9999
185603,0.42,-9999
185604,-0.96,-9999
185605,-1.26,-9999
185606,-2.15,-9999
185607,-0.69,-9999
185608,0.63,-9999
185609,0.58,-9999
185610,0.59,-9999
185611,0.23,-9999
185612,0.04,-9999
185701,-0.52,-9999
185702,-1.67,-9999
185703,-1.05,-9999
185704,-0.81,-9999
185705,-0.65,-9999
185706,1.03,-9999
185707,1.17,-9999
185708,0.81,-9999
185709,0.84,-9999
185710,0.7,-9999
185711,0.38,-9999
185712,-0.55,-9999
185801,-0.96,-9999
185802,-1.53,-9999
185803,-1.76,-9999
185804,-0.82,-9999
185805,0.49,-9999
185806,2.19,-9999
185807,1.05,-9999
185808,0.67,-9999
185809,1.38,-9999
185810,2.35,-9999
185811,0.46,-9999
185812,-1.16,-9999
185901,-1.22,-9999
185902,-1.71,-9999
185903,-2.46,-9999
185904,-3.65,-9999
185905,-2.86,-9999
185906,-1.99,-9999
185907,-1.01,-9999
185908,-1.26,-9999
185909,-1.19,-9999
185910,-1.31,-9999
185911,-1.14,-9999
185912,-1.12,-9999
186001,-1.31,-9999
186002,-1.28,-9999
186003,-1.34,-9999
186004,-0.77,-9999
186005,-0.85,-9999
186006,-1.26,-9999
186007,-0.27,-9999
186008,-0.4,-9999
186009,0.33,-9999
186010,-1.7,-9999
186011,-1.18,-9999
186012,-1.42,-9999
186101,-0.57,-9999
186102,-0.84,-9999
186103,-0.86,-9999
186104,-0.83,-9999
186105,-0.37,-9999
186106,-0.35,-9999
186107,-0.61,-9999
186108,-0.8,-9999
186109,-1.2,-9999
186110,-1.58,-9999
186111,-1.8,-9999
186112,-1.65,-9999
186201,-0.41,-9999
186202,-0.13,-9999
186203,0.16,-9999
186204,0.07,-9999
186205,0.09,-9999
186206,-0.08,-9999
186207,-0.12,-9999
186208,-0.2,-9999
186209,-0.98,-9999
186210,-0.8,-9999
186211,-0.39,-9999
186212,0.07,-9999
186301,-0.06,-9999
186302,-0.34,-9999
186303,-0.37,-9999
186304,-0.18,-9999
186305,0.03,-9999
186306,-0.03,-9999
186307,0.07,-9999
186308,-0.26,-9999
186309,0.05,-9999
186310,0.07,-9999
186311,0.11,-9999
186312,-0.23,-9999
186401,-0.19,-9999
186402,-0.09,-9999
186403,-1.04,-9999
186404,-1,-9999
186405,-0.78,-9999
186406,-0.66,-9999
186407,-0.19,-9999
186408,-0.48,-9999
186409,-0.21,-9999
186410,0.23,-9999
186411,0.53,-9999
186412,0.5,-9999
186501,-0.28,-9999
186502,-0.54,-9999
186503,-0.48,-9999
186504,-0.16,-9999
186505,-0.15,-9999
186506,-0.66,-9999
186507,-0.96,-9999
186508,-0.69,-9999
186509,-0.73,-9999
186510,-0.61,-9999
186511,-0.62,-9999
186512,-0.76,-9999
186601,-2.31,-9999
186602,-2.27,-9999
186603,-2.22,-9999
186604,-1.16,-9999
186605,-0.68,-9999
186606,-0.84,-9999
186607,-0.55,-9999
186608,-0.4,-9999
186609,-0.35,-9999
186610,-0.17,-9999
186611,-0.07,-9999
186612,-0.29,-9999
186701,-0.14,-9999
186702,-0.29,-9999
186703,-0.48,-9999
186704,-0.43,-9999
186705,-0.34,-9999
186706,-0.14,-9999
186707,0.16,-9999
186708,-0.34,-9999
186709,-0.29,-9999
186710,-0.89,-9999
186711,-0.28,-9999
186712,0.76,-9999
186801,0.98,-9999
186802,0.26,-9999
186803,0.03,-9999
186804,-0.39,-9999
186805,-0.43,-9999
186806,-0.22,-9999
186807,0.11,-9999
186808,-0.02,-9999
186809,0.09,-9999
186810,-0.2,-9999
186811,-0.63,-9999
186812,-0.81,-9999
186901,-0.84,-9999
186902,-0.16,-9999
186903,0.33,-9999
186904,1.23,-9999
186905,3.56,-9999
186906,3.84,-9999
186907,3.78,-9999
186908,1.2,-9999
186909,-0.12,-9999
186910,-0.4,-9999
186911,-0.63,-9999
186912,-0.46,-9999
187001,0.23,-9999
187002,-0.19,-9999
187003,0.03,-9999
187004,-0.3,-9999
187005,-0.14,-9999
187006,-0.37,-9999
187007,-0.13,-9999
187008,0.05,-9999
187009,-0.49,-9999
187010,-0.7,-9999
187011,-0.88,-9999
187012,-0.94,-9999
187101,-0.44,-9999
187102,0,-9999
187103,-0.18,-9999
187104,-0.51,-9999
187105,-0.93,-9999
187106,-0.36,-9999
187107,-0.38,-9999
187108,-0.09,-9999
187109,-0.58,-9999
187110,-0.8,-9999
187111,-0.9,-9999
187112,-0.29,-9999
187201,-0.39,-9999
187202,-0.55,-9999
187203,-0.2,-9999
187204,-0.49,-9999
187205,-0.03,-9999
187206,-0.82,-9999
187207,-0.95,-9999
187208,-1.02,-9999
187209,-0.51,-9999
187210,-0.11,-9999
187211,-1.74,-9999
187212,-2.1,-9999
187301,-2.06,-9999
187302,-2.11,-9999
187303,-1.67,-9999
187304,-0.69,-9999
187305,-0.49,-9999
187306,-0.8,-9999
187307,-1.14,-9999
187308,-1.05,-9999
187309,-0.87,-9999
187310,-0.7,-9999
187311,-1.06,-9999
187312,-0.86,-9999
187401,-0.74,-9999
187402,-1.18,-9999
187403,-0.24,-9999
187404,0.16,-9999
187405,0.01,-9999
187406,-0.26,-9999
187407,-0.21,-9999
187408,0.31,-9999
187409,0.15,-9999
187410,-0.04,-9999
187411,0,-9999
187412,-1.13,-9999
187501,-1.42,-9999
187502,-1.53,-9999
187503,-1.18,-9999
187504,-1.24,-9999
187505,-0.65,-9999
187506,-0.79,-9999
187507,-0.64,-9999
187508,-0.8,-9999
187509,-0.64,-9999
187510,-1.19,-9999
187511,-0.9,-9999
187512,0.11,-9999
187601,-0.96,-9999
187602,-0.74,-9999
187603,-0.91,-9999
187604,-1.53,-9999
187605,-1.57,-9999
187606,-0.82,-9999
187607,-2.21,-9999
187608,-2.16,-9999
187609,-1.48,-9999
187610,-0.4,-9999
187611,-0.04,-9999
187612,-0.24,-9999
187701,-0.13,-9999
187702,-0.08,-9999
187703,-0.08,-9999
187704,-0.68,-9999
187705,-0.82,-9999
187706,-1.18,-9999
187707,-0.37,-9999
187708,-0.62,-9999
187709,-0.24,-9999
187710,0.02,-9999
187711,0.46,-9999
187712,0.07,-9999
187801,0.18,-9999
187802,0.85,-9999
187803,0.96,-9999
187804,1.49,-9999
187805,1.48,-9999
187806,0.9,-9999
187807,0.46,-9999
187808,-0.63,-9999
187809,-1.97,-9999
187810,-1.68,-9999
187811,-0.51,-9999
187812,1.31,-9999
187901,0.2,-9999
187902,0.13,-9999
187903,0.23,-9999
187904,0.61,-9999
187905,-0.56,-9999
187906,-0.91,-9999
187907,-1.6,-9999
187908,-0.62,-9999
187909,-0.52,-9999
187910,-0.75,-9999
187911,-0.64,-9999
187912,-0.2,-9999
188001,0.44,-9999
188002,-0.45,-9999
188003,-1.51,-9999
188004,-2.42,-9999
188005,-2.97,-9999
188006,-3.15,-9999
188007,-2.27,-9999
188008,-1.79,-9999
188009,-1.77,-9999
188010,0.02,-9999
188011,-0.4,-9999
188012,-0.06,-9999
188101,-0.48,-9999
188102,-0.15,-9999
188103,-0.02,-9999
188104,0.17,-9999
188105,0.5,-9999
188106,0.24,-9999
188107,-1.3,-9999
188108,-2.31,-9999
188109,0.16,-9999
188110,0.34,-9999
188111,0.2,-9999
188112,-0.55,-9999
188201,-2.06,-9999
188202,-1.92,-9999
188203,-1.79,-9999
188204,-1.6,-9999
188205,-1.51,-9999
188206,-1.71,-9999
188207,-3.18,-9999
188208,-1.1,-9999
188209,-0.81,-9999
188210,-1.07,-9999
188211,-0.34,-9999
188212,0.66,-9999
188301,-0.97,-9999
188302,-1.32,-9999
188303,-1.4,-9999
188304,-0.32,-9999
188305,-0.67,-9999
188306,-1.25,-9999
188307,-2.82,-9999
188308,-2.36,-9999
188309,-1.75,-9999
188310,-1.47,-9999
188311,-1.07,-9999
188312,-1.67,-9999
188401,-1.77,-9999
188402,-1.95,-9999
188403,-1.42,-9999
188404,-0.53,-9999
188405,0.41,-9999
188406,0.84,-9999
188407,1.1,-9999
188408,1,-9999
188409,0.74,-9999
188410,1.08,-9999
188411,2.16,-9999
188412,2.35,-9999
188501,2.57,-9999
188502,1.02,-9999
188503,1.72,-9999
188504,1.47,-9999
188505,0.7,-9999
188506,-0.41,-9999
188507,-0.68,-9999
188508,-0.06,-9999
188509,-0.15,-9999
188510,-0.05,-9999
188511,-0.32,-9999
188512,-0.34,-9999
188601,-0.52,-9999
188602,0.62,-9999
188603,-0.48,-9999
188604,0.35,-9999
188605,-0.2,-9999
188606,-1.17,-9999
188607,-0.3,-9999
188608,-0.39,-9999
188609,-0.44,-9999
188610,-1.3,-9999
188611,-2.63,-9999
188612,-1.79,-9999
188701,-0.93,-9999
188702,-1.41,-9999
188703,-2.04,-9999
188704,-1.49,-9999
188705,-0.33,-9999
188706,0.69,-9999
188707,1.54,-9999
188708,-0.87,-9999
188709,-1.96,-9999
188710,-1.33,-9999
188711,-0.97,-9999
188712,-1.07,-9999
188801,-0.98,-9999
188802,-0.11,-9999
188803,0.1,-9999
188804,0.02,-9999
188805,1.48,-9999
188806,1.68,-9999
188807,1.78,-9999
188808,1.13,-9999
188809,1.04,-9999
188810,0.6,-9999
188811,0.76,-9999
188812,0.47,-9999
188901,0.44,-9999
188902,-0.01,-9999
188903,0.14,-9999
188904,0.88,-9999
188905,1.16,-9999
188906,1.12,-9999
188907,0.13,-9999
188908,-1.02,-9999
188909,-1.27,-9999
188910,-0.42,-9999
188911,1.34,-9999
188912,-0.16,-9999
189001,-0.66,-9999
189002,-1.09,-9999
189003,-1.49,-9999
189004,-1.1,-9999
189005,-1.34,-9999
189006,-3.41,-9999
189007,-1.4,-9999
189008,-0.99,-9999
189009,0.83,-9999
189010,-0.45,-9999
189011,-1.04,-9999
189012,-1.31,-9999
189101,-0.52,-9999
189102,-0.8,-9999
189103,-1.02,-9999
189104,-0.48,-9999
189105,0.87,-9999
189106,1.01,-9999
189107,1.13,-9999
189108,0.64,-9999
189109,0.3,-9999
189110,0.89,-9999
189111,0.03,-9999
189112,-0.18,-9999
189201,-1.15,-9999
189202,-1.42,-9999
189203,-0.96,-9999
189204,-1.32,-9999
189205,-2.76,-9999
189206,-1.94,-9999
189207,-1.65,-9999
189208,-2.85,-9999
189209,-2.46,-9999
189210,-2.82,-9999
189211,-2.36,-9999
189212,-1.13,-9999
189301,-0.51,-9999
189302,-0.67,-9999
189303,-0.93,-9999
189304,-1.6,-9999
189305,-2.45,-9999
189306,-2.13,-9999
189307,-2.14,-9999
189308,-0.41,-9999
189309,0.06,-9999
189310,-0.54,-9999
189311,-0.71,-9999
189312,-1.49,-9999
189401,-1.42,-9999
189402,-2.17,-9999
189403,-3.2,-9999
189404,-3.15,-9999
189405,-3.35,-9999
189406,-2.75,-9999
189407,-2.98,-9999
189408,-1.91,-9999
189409,-2.02,-9999
189410,-2.56,-9999
189411,-2.77,-9999
189412,-1.17,-9999
189501,-0.86,-9999
189502,-0.64,-9999
189503,-0.65,-9999
189504,-1.13,-9999
189505,-0.48,-9999
189506,-0.74,-9999
189507,0.43,-9999
189508,-0.16,-9999
189509,-1.34,-9999
189510,-0.84,-9999
189511,-1.23,-9999
189512,-0.27,-9999
189601,0.32,-9999
189602,0.2,-9999
189603,-0.17,-9999
189604,-0.91,-9999
189605,-1.32,-9999
189606,-0.68,-9999
189607,-0.32,-9999
189608,-0.18,-9999
189609,0.99,-9999
189610,0.26,-9999
189611,0.29,-9999
189612,0.21,-9999
189701,0.38,-9999
189702,-0.29,-9999
189703,-0.62,-9999
189704,-0.06,-9999
189705,0.67,-9999
189706,0.8,-9999
189707,0.57,-9999
189708,0,-9999
189709,-0.7,-9999
189710,0.31,-9999
189711,0.58,-9999
189712,0.05,-9999
189801,-0.08,-9999
189802,-0.27,-9999
189803,-0.42,-9999
189804,0.21,-9999
189805,-0.39,-9999
189806,0.29,-9999
189807,-0.36,-9999
189808,0.43,-9999
189809,0.29,-9999
189810,0.27,-9999
189811,0.55,-9999
189812,0.6,-9999
189901,0.08,-9999
189902,-1.27,-9999
189903,-0.75,-9999
189904,-0.51,-9999
189905,-1.07,-9999
189906,-1.48,-9999
189907,-0.14,-9999
189908,0.32,-9999
189909,0.35,-9999
189910,-0.37,-9999
189911,0.3,-9999
189912,0.32,-9999
190001,0.81,-9999
190002,0.2,-9999
190003,0.61,-9999
190004,1.85,-9999
190005,1.49,-9999
190006,1.23,-9999
190007,1.07,-9999
190008,1.15,-9999
190009,-0.4,-9999
190010,0.08,-9999
190011,0.57,-9999
190012,1.02,-9999
190101,1.13,-9999
190102,0.65,-9999
190103,-0.33,-9999
190104,-0.45,-9999
190105,-0.99,-9999
190106,-0.84,-9999
190107,-1.33,-9999
190108,-0.73,-9999
190109,-0.07,-9999
190110,0.25,-9999
190111,-0.08,-9999
190112,0.56,-9999
190201,1.37,-9999
190202,0.53,-9999
190203,0.4,-9999
190204,0.64,-9999
190205,1.36,-9999
190206,2.33,-9999
190207,3.04,-9999
190208,1.81,-9999
190209,0.89,-9999
190210,1.11,-9999
190211,0.74,-9999
190212,0.44,-9999
190301,-0.04,-9999
190302,0.1,-9999
190303,-0.19,-9999
190304,-1.08,-9999
190305,-0.37,-9999
190306,0.04,-9999
190307,1.49,-9999
190308,1.35,-9999
190309,0.54,-9999
190310,0.72,-9999
190311,0.22,-9999
190312,0.6,-9999
190401,1.41,-9999
190402,0.54,-9999
190403,0.72,-9999
190404,0.07,-9999
190405,0.47,-9999
190406,-0.07,-9999
190407,0.05,-9999
190408,1.64,-9999
190409,2.24,-9999
190410,1.8,-9999
190411,1.93,-9999
190412,3.12,-9999
190501,2.75,-9999
190502,1.71,-9999
190503,1.04,-9999
190504,2.05,-9999
190505,1.31,-9999
190506,1.56,-9999
190507,2.31,-9999
190508,2.41,-9999
190509,2.1,-9999
190510,-0.41,-9999
190511,0.74,-9999
190512,-0.98,-9999
190601,1.36,-9999
190602,1.26,-9999
190603,0.5,-9999
190604,0.43,-9999
190605,1.45,-9999
190606,0.93,-9999
190607,1.35,-9999
190608,0.94,-9999
190609,0.11,-9999
190610,0.94,-9999
190611,0.89,-9999
190612,-0.43,-9999
190701,-0.68,-9999
190702,-0.36,-9999
190703,-1.88,-9999
190704,-1.58,-9999
190705,0.23,-9999
190706,0.96,-9999
190707,0.59,-9999
190708,-0.31,-9999
190709,0.78,-9999
190710,1.84,-9999
190711,1.77,-9999
190712,1.94,-9999
190801,1.72,-9999
190802,1.67,-9999
190803,0.51,-9999
190804,-0.08,-9999
190805,0.16,-9999
190806,0.21,-9999
190807,0.42,-9999
190808,-0.72,-9999
190809,0.71,-9999
190810,0.94,-9999
190811,1.88,-9999
190812,1.34,-9999
190901,0.69,-9999
190902,0.86,-9999
190903,0.93,-9999
190904,0.28,-9999
190905,-0.17,-9999
190906,-0.65,-9999
190907,-1.39,-9999
190908,-2.3,-9999
190909,-1.97,-9999
190910,-1.25,-9999
190911,-1.36,-9999
190912,-2.21,-9999
191001,-1.71,-9999
191002,-1.23,-9999
191003,-0.9,-9999
191004,-1.97,-9999
191005,-2.33,-9999
191006,-0.35,-9999
191007,-0.08,-9999
191008,-0.73,-9999
191009,0.73,-9999
191010,-0.96,-9999
191011,-0.59,-9999
191012,0.39,-9999
191101,-0.3,-9999
191102,-1.21,-9999
191103,-1.26,-9999
191104,-0.56,-9999
191105,-0.71,-9999
191106,-1.51,-9999
191107,-0.38,-9999
191108,0.08,-9999
191109,-0.26,-9999
191110,-0.12,-9999
191111,-0.38,-9999
191112,-0.97,-9999
191201,-0.21,-9999
191202,-0.02,-9999
191203,-0.44,-9999
191204,-0.51,-9999
191205,-0.04,-9999
191206,0.45,-9999
191207,0.26,-9999
191208,0.34,-9999
191209,1.23,-9999
191210,0.82,-9999
191211,0.05,-9999
191212,0.06,-9999
191301,-0.25,-9999
191302,0.11,-9999
191303,-0.23,-9999
191304,-0.85,-9999
191305,0.1,-9999
191306,0.32,-9999
191307,0.9,-9999
191308,1.12,-9999
191309,0.76,-9999
191310,0.4,-9999
191311,0.44,-9999
191312,0.11,-9999
191401,-0.28,-9999
191402,-0.3,-9999
191403,0.04,-9999
191404,0.82,-9999
191405,0.47,-9999
191406,-0.83,-9999
191407,-1.01,-9999
191408,-0.97,-9999
191409,-1.17,-9999
191410,-0.74,-9999
191411,-0.35,-9999
191412,-0.07,-9999
191501,-0.42,-9999
191502,-0.53,-9999
191503,0.35,-9999
191504,1.26,-9999
191505,1.54,-9999
191506,1.53,-9999
191507,1.24,-9999
191508,0.5,-9999
191509,-0.08,-9999
191510,-1.51,-9999
191511,-1.45,-9999
191512,-0.82,-9999
191601,-1.56,-9999
191602,-1.55,-9999
191603,-1.3,-9999
191604,-0.59,-9999
191605,-0.49,-9999
191606,-1.69,-9999
191607,-1.68,-9999
191608,-2.24,-9999
191609,-2.05,-9999
191610,-1.82,-9999
191611,-2.48,-9999
191612,-2.44,-9999
191701,-1.71,-9999
191702,-1.73,-9999
191703,-1.94,-9999
191704,-1.78,-9999
191705,-1.19,-9999
191706,-1.06,-9999
191707,-0.9,-9999
191708,-0.75,-9999
191709,-1.15,-9999
191710,-1.42,-9999
191711,-0.74,-9999
191712,-0.52,-9999
191801,0.42,-9999
191802,-0.13,-9999
191803,-0.94,-9999
191804,-0.85,-9999
191805,-1.07,-9999
191806,-0.57,-9999
191807,0,-9999
191808,0.22,-9999
191809,0.41,-9999
191810,1.31,-9999
191811,1.33,-9999
191812,0.55,-9999
191901,0.47,-9999
191902,-0.05,-9999
191903,-0.64,-9999
191904,-0.63,-9999
191905,-1.05,-9999
191906,-1.53,-9999
191907,-1.87,-9999
191908,-0.92,-9999
191909,-0.31,-9999
191910,-0.6,-9999
191911,-0.77,-9999
191912,-0.39,-9999
192001,-1.08,-9999
192002,-0.77,-9999
192003,-0.9,-9999
192004,-1.33,-9999
192005,-1.24,-9999
192006,-1.28,-9999
192007,-1.59,-9999
192008,-2.26,-9999
192009,-2.19,-9999
192010,-1.79,-9999
192011,-0.8,-9999
192012,-0.69,-9999
192101,-1.09,-9999
192102,-1.55,-9999
192103,-0.85,-9999
192104,-1.63,-9999
192105,-1.5,-9999
192106,-1.05,-9999
192107,-1.58,-9999
192108,-2.01,-9999
192109,-1.5,-9999
192110,-1.58,-9999
192111,-0.81,-9999
192112,0,-9999
192201,0.07,-9999
192202,-1.26,-9999
192203,-1.63,-9999
192204,-1.81,-9999
192205,-1.89,-9999
192206,-1.27,-9999
192207,-0.74,-9999
192208,-0.56,-9999
192209,-0.49,-9999
192210,-0.27,-9999
192211,-0.74,-9999
192212,0.46,-9999
192301,0.24,-9999
192302,-0.75,-9999
192303,-1.01,-9999
192304,-0.51,-9999
192305,0.18,-9999
192306,-0.98,-9999
192307,0.6,-9999
192308,0.21,-9999
192309,-0.25,-9999
192310,0.26,-9999
192311,-0.26,-9999
192312,-0.22,-9999
192401,-0.7,-9999
192402,-0.67,-9999
192403,-0.47,-9999
192404,-1.23,-9999
192405,-0.53,-9999
192406,-0.39,-9999
192407,-1.01,-9999
192408,-1.41,-9999
192409,-1.73,-9999
192410,-2.13,-9999
192411,-1.4,-9999
192412,-0.27,-9999
192501,-0.93,-9999
192502,-0.62,-9999
192503,-0.65,-9999
192504,-1.14,-9999
192505,-0.51,-9999
192506,-1.03,-9999
192507,-0.69,-9999
192508,-0.72,-9999
192509,0.09,-9999
192510,0.26,-9999
192511,0.94,-9999
192512,0.72,-9999
192601,1.12,-9999
192602,1.26,-9999
192603,1.23,-9999
192604,1.81,-9999
192605,2.29,-9999
192606,1.63,-9999
192607,2.14,-9999
192608,1.7,-9999
192609,1.62,-9999
192610,1.79,-9999
192611,2.55,-9999
192612,2.11,-9999
192701,0.91,-9999
192702,1.33,-9999
192703,0.89,-9999
192704,-0.03,-9999
192705,-0.12,-9999
192706,0.56,-9999
192707,-0.28,-9999
192708,-0.76,-9999
192709,0.03,-9999
192710,-0.63,-9999
192711,-0.24,-9999
192712,-0.08,-9999
192801,0.45,-9999
192802,0.75,-9999
192803,0.88,-9999
192804,0.42,-9999
192805,0.48,-9999
192806,0.96,-9999
192807,-0.68,-9999
192808,-0.86,-9999
192809,-1.79,-9999
192810,-1.05,-9999
192811,0.09,-9999
192812,0.6,-9999
192901,0.83,-9999
192902,0.24,-9999
192903,0.04,-9999
192904,0.23,-9999
192905,0.48,-9999
192906,0.6,-9999
192907,0.03,-9999
192908,-0.12,-9999
192909,1.01,-9999
192910,1.02,-9999
192911,0.64,-9999
192912,1.55,-9999
193001,1.29,-9999
193002,0.77,-9999
193003,0.3,-9999
193004,0.19,-9999
193005,0.1,-9999
193006,0.02,-9999
193007,0,-9999
193008,-0.2,-9999
193009,0.33,-9999
193010,0.01,-9999
193011,-0.02,-9999
193012,0.84,-9999
193101,1.25,-9999
193102,1.18,-9999
193103,1.14,-9999
193104,1.61,-9999
193105,2,-9999
193106,1.76,-9999
193107,2.08,-9999
193108,0.74,-9999
193109,0.85,-9999
193110,0.09,-9999
193111,-0.21,-9999
193112,-0.84,-9999
193201,-1.22,-9999
193202,-1.63,-9999
193203,-0.65,-9999
193204,0.49,-9999
193205,-0.03,-9999
193206,-0.15,-9999
193207,-0.23,-9999
193208,-0.29,-9999
193209,-1.14,-9999
193210,-0.02,-9999
193211,-0.32,-9999
193212,0.16,-9999
193301,-0.7,-9999
193302,-1.08,-9999
193303,-1.05,-9999
193304,-0.84,-9999
193305,-1.83,-9999
193306,-2.36,-9999
193307,-3.32,-9999
193308,-2.92,-9999
193309,-2.97,-9999
193310,-1.83,-9999
193311,-0.49,-9999
193312,-0.66,-9999
193401,-0.41,-9999
193402,0.1,-9999
193403,0.88,-9999
193404,1.26,-9999
193405,0.79,-9999
193406,-0.27,-9999
193407,0.18,-9999
193408,1.23,-9999
193409,1.13,-9999
193410,1.91,-9999
193411,1.64,-9999
193412,1.51,-9999
193501,0.72,-9999
193502,0.11,-9999
193503,-0.26,-9999
193504,0.1,-9999
193505,0.73,-9999
193506,1.23,-9999
193507,0.62,-9999
193508,0.35,-9999
193509,0.42,-9999
193510,0.4,-9999
193511,0.23,-9999
193512,1.53,-9999
193601,2.17,-9999
193602,1.6,-9999
193603,1.19,-9999
193604,1.19,-9999
193605,1.64,-9999
193606,2.24,-9999
193607,2.79,-9999
193608,1.95,-9999
193609,0.98,-9999
193610,2.15,-9999
193611,2.83,-9999
193612,1.52,-9999
193701,0.06,-9999
193702,-0.45,-9999
193703,-0.28,-9999
193704,-0.69,-9999
193705,-0.39,-9999
193706,1.16,-9999
193707,-0.32,-9999
193708,-0.98,-9999
193709,0.01,-9999
193710,0.52,-9999
193711,0.97,-9999
193712,1.06,-9999
193801,1.53,-9999
193802,0.28,-9999
193803,-0.45,-9999
193804,-0.22,-9999
193805,-0.59,-9999
193806,-0.62,-9999
193807,-0.63,-9999
193808,-0.57,-9999
193809,-0.26,-9999
193810,0.78,-9999
193811,0.04,-9999
193812,1.14,-9999
193901,1.17,-9999
193902,-0.1,-9999
193903,-0.63,-9999
193904,0.03,-9999
193905,0.12,-9999
193906,-0.07,-9999
193907,-1.1,-9999
193908,-1.31,-9999
193909,-1.54,-9999
193910,-1.49,-9999
193911,-0.9,-9999
193912,1.44,-9999
194001,1.82,-9999
194002,1.55,-9999
194003,1.87,-9999
194004,2.06,-9999
194005,1.76,-9999
194006,2.07,-9999
194007,1.82,-9999
194008,1.31,-9999
194009,1.09,-9999
194010,1.28,-9999
194011,1.55,-9999
194012,2.68,-9999
194101,2.67,-9999
194102,2.86,-9999
194103,2.43,-9999
194104,2.31,-9999
194105,2.07,-9999
194106,2.83,-9999
194107,3.01,-9999
194108,3.22,-9999
194109,2.04,-9999
194110,1.14,-9999
194111,1.51,-9999
194112,2.21,-9999
194201,2.48,-9999
194202,1.96,-9999
194203,1.11,-9999
194204,0.97,-9999
194205,0.53,-9999
194206,0.77,-9999
194207,0.58,-9999
194208,0.6,-9999
194209,0.37,-9999
194210,0.23,-9999
194211,-0.13,-9999
194212,-0.93,-9999
194301,-1.62,-9999
194302,-0.7,-9999
194303,0.32,-9999
194304,1.28,-9999
194305,0.58,-9999
194306,-0.14,-9999
194307,-0.22,-9999
194308,-1.88,-9999
194309,-1.61,-9999
194310,-1.48,-9999
194311,-0.18,-9999
194312,1.98,-9999
194401,1.58,-9999
194402,0.25,-9999
194403,-0.53,-9999
194404,-0.87,-9999
194405,-1.76,-9999
194406,-2.1,-9999
194407,-1.49,-9999
194408,-1,-9999
194409,-1.94,-9999
194410,-1.5,-9999
194411,-0.81,-9999
194412,-0.48,-9999
194501,-0.09,-9999
194502,-0.34,-9999
194503,-0.06,-9999
194504,-0.37,-9999
194505,-0.38,-9999
194506,0.16,-9999
194507,0.31,-9999
194508,-0.61,-9999
194509,-0.57,-9999
194510,-0.42,-9999
194511,-1.34,-9999
194512,-1.99,-9999
194601,-1.1,-9999
194602,0.67,-9999
194603,0.73,-9999
194604,0.67,-9999
194605,-0.45,-9999
194606,-0.63,-9999
194607,-0.07,-9999
194608,-0.17,-9999
194609,-0.15,-9999
194610,-1.23,-9999
194611,-1.82,-9999
194612,-1.66,-9999
194701,-0.15,-9999
194702,0.22,-9999
194703,0.31,-9999
194704,0.1,-9999
194705,-0.36,-9999
194706,0.67,-9999
194707,0.78,-9999
194708,0.61,-9999
194709,0.4,-9999
194710,1.39,-9999
194711,0.61,-9999
194712,0.43,-9999
194801,0.27,-9999
194802,-0.32,-9999
194803,-1.11,-9999
194804,-1.13,-9999
194805,-1.78,-9999
194806,0.01,-9999
194807,-0.1,-9999
194808,-1.07,-9999
194809,-1.07,-9999
194810,-1.74,-9999
194811,-0.92,-9999
194812,-1.85,-9999
194901,-2.82,-9999
194902,-3.17,-9999
194903,-1.82,-9999
194904,-1.54,-9999
194905,-1.37,-9999
194906,-1.21,-9999
194907,-1.48,-9999
194908,-1.61,-9999
194909,-1.6,-9999
194910,-2.29,-9999
194911,-1.08,-9999
194912,-0.93,-9999
195001,-1.61,-9999
195002,-2.17,-9999
195003,-1.89,-9999
195004,-1.99,-9999
195005,-3.19,-9999
195006,-2.52,-9999
195007,-3.65,-9999
195008,-2.98,-9999
195009,-2.4,-9999
195010,-1.92,-9999
195011,-1.45,-9999
195012,-1.06,-9999
195101,-1.19,-9999
195102,-1.52,-9999
195103,-1.72,-9999
195104,-1.35,-9999
195105,-1.29,-9999
195106,-1.77,-9999
195107,-0.23,-9999
195108,-1.76,-9999
195109,-0.78,-9999
195110,-0.09,-9999
195111,-0.31,-9999
195112,-1.45,-9999
195201,-2.19,-9999
195202,-1.35,-9999
195203,-1.67,-9999
195204,-1.92,-9999
195205,-2.07,-9999
195206,-2.13,-9999
195207,-2.05,-9999
195208,-1.58,-9999
195209,-1.36,-9999
195210,-0.91,-9999
195211,-0.53,-9999
195212,-0.83,-9999
195301,-0.16,-9999
195302,-0.46,-9999
195303,-1.27,-9999
195304,-0.9,-9999
195305,-0.55,-9999
195306,-0.2,-9999
195307,0.06,-9999
195308,-0.92,-9999
195309,-1.11,-9999
195310,-1.48,-9999
195311,-0.51,-9999
195312,-0.18,-9999
195401,-1.13,-9999
195402,-0.95,-9999
195403,-1.15,-9999
195404,-1.25,-9999
195405,-0.76,-9999
195406,0.49,-9999
195407,-0.08,-9999
195408,-0.32,-9999
195409,-1.05,-9999
195410,0.02,-9999
195411,0.85,-9999
195412,0.49,-9999
195501,-0.23,-9999
195502,-1.01,-9999
195503,-1.24,-9999
195504,-2.21,-9999
195505,-1.89,-9999
195506,-2.18,-9999
195507,-2.75,-9999
195508,-2.66,-9999
195509,-2.48,-9999
195510,-3.35,-9999
195511,-2.63,-9999
195512,-2.2,-9999
195601,-2.26,-9999
195602,-2.28,-9999
195603,-2.93,-9999
195604,-2.55,-9999
195605,-1.62,-9999
195606,-1.98,-9999
195607,-1.48,-9999
195608,-1,-9999
195609,-0.28,-9999
195610,-1.66,-9999
195611,-2.44,-9999
195612,-1.27,-9999
195701,-1.31,-9999
195702,-1.57,-9999
195703,-0.83,-9999
195704,-0.81,-9999
195705,-0.02,-9999
195706,1.53,-9999
195707,0.59,-9999
195708,0.34,-9999
195709,1.84,-9999
195710,1.72,-9999
195711,1.54,-9999
195712,0.46,-9999
195801,0.83,-0.884331
195802,0.94,-1.09862
195803,0.62,-1.04108
195804,0.56,-0.900672
195805,1.46,-1.15741
195806,1.82,-1.56702
195807,0.61,-1.19849
195808,1.06,-1.39037
195809,0.77,-0.873831
195810,0.28,-0.646272
195811,0.28,-0.355214
195812,1.14,-1.15798
195901,1.04,-0.956107
195902,0.35,-0.675175
195903,-0.14,-0.129771
195904,-0.16,-0.385497
195905,-0.13,-0.365231
195906,0.23,-0.396051
195907,-0.42,0.0116712
195908,-0.31,0.101425
195909,-0.53,0.0795696
195910,0.96,-0.509509
195911,1.38,-0.969252
195912,1.02,-0.758372
196001,0.24,0.0611028
196002,0.61,-0.16098
196003,0.23,-0.128065
196004,0.21,-0.182942
196005,0.35,-0.0482075
196006,1.2,-0.193332
196007,-0.42,0.186144
196008,-0.31,0.316969
196009,-0.96,0.610724
196010,-0.34,0.186555
196011,-0.34,0.245679
196012,0,0.253081
196101,0.89,-0.268581
196102,0.92,-0.45623
196103,0.64,0.0229517
196104,0.28,-0.258138
196105,-0.54,0.115631
196106,-0.7,0.32077
196107,-1.23,0.512237
196108,-0.87,0.291418
196109,-1.34,0.44044
196110,-1.78,0.93472
196111,-1.43,0.930981
196112,-1.73,1.38317
196201,-1,1.35103
196202,-0.87,1.13275
196203,-1.06,1.1955
196204,-0.95,0.881838
196205,-1.3,1.03009
196206,-1.71,1.53388
196207,-1.83,1.50022
196208,-0.66,1.02416
196209,-1.47,1.27121
196210,-1.76,1.48791
196211,-0.38,0.521468
196212,-0.23,0.562932
196301,0.12,0.369325
196302,0.15,-0.244067
196303,-0.28,0.0535328
196304,-0.27,0.291098
196305,-1.26,0.784649
196306,-0.6,0.939602
196307,-1.11,0.916231
196308,-1.01,0.449879
196309,1.08,-0.277139
196310,0.34,0.173973
196311,-0.5,0.791013
196312,0.45,0.258186
196401,0.34,0.0606698
196402,0.21,0.626588
196403,-0.71,1.13661
196404,-1.27,1.28081
196405,-2.39,1.79865
196406,-0.86,0.83527
196407,-1.08,1.2509
196408,-1.6,1.38952
196409,-1.35,1.38694
196410,-0.64,1.02267
196411,-0.68,1.07032
196412,-0.62,0.865316
196501,-0.95,1.05785
196502,-0.61,1.0469
196503,-0.17,0.677779
196504,-0.01,0.429819
196505,-0.66,0.602213
196506,-0.76,0.767733
196507,-0.74,1.01104
196508,0.32,0.274168
196509,0.83,-0.372517
196510,0.3,-0.380252
196511,0.47,-0.33096
196512,0.25,0.109954
196601,-0.67,0.835211
196602,-0.43,0.726127
196603,-1,0.87656
196604,-0.37,0.269601
196605,-0.76,0.490004
196606,0.1,0.511998
196607,0.01,0.376472
196608,-0.29,0.105843
196609,-0.35,0.572863
196610,-0.6,0.438645
196611,-0.71,0.461304
196612,-0.21,0.282542
196701,-0.24,0.623606
196702,-0.25,0.851974
196703,-0.8,0.844847
196704,-1.13,1.03642
196705,-1.54,1.06274
196706,-1.2,0.842895
196707,-1.21,0.684644
196708,-1.55,0.733624
196709,-0.6,0.321927
196710,-0.06,0.49608
196711,0.36,0.271162
196712,-0.68,0.947928
196801,-0.65,1.0845
196802,-0.19,0.749909
196803,0.08,-0.0647296
196804,-0.69,0.368215
196805,-0.79,0.380032
196806,0.14,0.248207
196807,0.44,-0.222699
196808,-0.01,0.237761
196809,0.26,0.215103
196810,-0.18,0.322152
196811,0.03,0.146138
196812,-0.29,0.243991
196901,-0.71,0.370727
196902,-1.22,0.988167
196903,-1.21,1.10213
196904,-1.07,1.0168
196905,-1.06,0.93723
196906,0.84,-0.563953
196907,-0.37,0.0300485
196908,-0.92,0.569236
196909,-1.07,0.811701
196910,0.95,-0.013435
196911,0.58,-0.223621
196912,1.13,-0.804149
197001,1.06,-0.732006
197002,1.01,-0.634842
197003,1.2,-0.795773
197004,0.31,-0.17228
197005,-0.89,0.452641
197006,-0.12,0.34339
197007,-0.92,0.664047
197008,-1.79,1.21633
197009,-1.68,1.13915
197010,-1.2,0.555173
197011,-0.92,0.352294
197012,-0.91,0.684967
197101,-1.34,1.25218
197102,-1.45,1.33812
197103,-1.55,1.58897
197104,-1.7,1.70435
197105,-1.75,2.14169
197106,-1.86,2.13851
197107,-2.25,2.01874
197108,-0.32,0.984904
197109,-0.17,1.03447
197110,-0.35,1.21213
197111,-1.28,1.58315
197112,-1.77,1.91255
197201,-2.12,2.30461
197202,-1.95,2.22668
197203,-1.53,1.7109
197204,-1.7,1.4869
197205,-2.16,2.03443
197206,-1.84,1.62709
197207,-1.48,1.15207
197208,-0.11,0.653441
197209,-0.2,0.65424
197210,-0.22,0.534694
197211,-0.05,0.349168
197212,-0.37,0.265211
197301,-0.15,0.30739
197302,-0.55,0.514081
197303,-0.88,0.814577
197304,-1.35,1.10679
197305,-1.59,1.24856
197306,-1.44,1.30629
197307,-1.4,1.02271
197308,-1.56,1.05492
197309,-1.05,0.925044
197310,-1.36,1.11729
197311,-1.42,1.31146
197312,-0.89,1.3231
197401,-0.86,1.05463
197402,-1.38,1.52193
197403,-1.21,1.55852
197404,-0.62,0.95614
197405,-0.72,1.06006
197406,-0.37,0.914943
197407,0.02,0.549982
197408,-0.27,0.518148
197409,0.71,-0.371035
197410,0.19,-0.0808785
197411,0.61,0.130673
197412,0.27,0.246214
197501,-0.65,1.06323
197502,-0.93,1.34
197503,-1.07,1.52899
197504,-1.79,1.94955
197505,-2.08,2.35009
197506,-1.61,1.76377
197507,-0.84,1.25164
197508,-1.56,1.36514
197509,-1.6,1.24738
197510,-1.59,1.60027
197511,-1.73,2.07751
197512,-1.49,1.84074
197601,-1.08,1.66988
197602,-1.01,1.54168
197603,-1.31,1.80967
197604,-1.38,1.97685
197605,-1.23,1.79395
197606,-1.26,1.76128
197607,0.28,0.805812
197608,0.97,0.458971
197609,0.58,0.476663
197610,1.12,0.112396
197611,1.33,-0.169349
197612,1.2,-0.390962
197701,1.24,-0.710674
197702,1.51,-1.08268
197703,0.62,-0.407775
197704,-0.25,0.051407
197705,-0.47,0.387514
197706,0.03,0.0507472
197707,-0.06,0.125471
197708,-0.09,-0.359885
197709,-0.64,-0.0911069
197710,-0.84,0.204937
197711,-0.45,0.180252
197712,-0.06,-0.239975
197801,0.58,-0.766781
197802,0.78,-0.912127
197803,1.13,-1.12039
197804,1.03,-0.966552
197805,0.77,-0.857594
197806,0.33,-0.428517
197807,-1.62,0.369674
197808,-0.91,0.0587616
197809,-0.78,0.357649
197810,0.07,-0.095626
197811,-0.01,-0.387753
197812,-0.51,-0.0377592
197901,-0.38,-0.00111075
197902,-1.29,0.62743
197903,-0.68,0.476157
197904,-0.12,0.0841388
197905,0.57,-0.452158
197906,0.22,-0.479397
197907,0.3,-0.644302
197908,0.05,-0.546013
197909,0.88,-1.08177
197910,1.1,-1.1547
197911,0.58,-0.78685
197912,0.06,-0.718184
198001,0.06,-0.638755
198002,0.58,-0.944516
198003,0.62,-0.9132
198004,0.78,-0.828423
198005,0.64,-0.769071
198006,-0.72,-0.0694852
198007,-0.21,-0.333411
198008,0.08,-0.332638
198009,-0.13,-0.336822
198010,0.99,-0.869867
198011,0.71,-0.806785
198012,0.3,-0.70051
198101,1.18,-1.34094
198102,1.24,-1.45437
198103,1.22,-1.36812
198104,1.07,-1.14402
198105,1.29,-1.33509
198106,1.82,-1.49196
198107,0.82,-0.967225
198108,-0.05,-1.00122
198109,0.43,-0.745467
198110,-0.09,-0.291389
198111,0.54,-0.698735
198112,0.59,-0.594989
198201,0.11,-0.349172
198202,-0.19,-0.289063
198203,-0.37,-0.23048
198204,-0.7,0.131478
198205,-1.21,0.596065
198206,-0.99,0.421222
198207,0.12,-0.00269871
198208,-0.08,0.0658534
198209,0.51,-0.791794
198210,0.15,-0.202708
198211,-0.6,-0.0346286
198212,0.16,-0.435649
198301,0.4,-0.590174
198302,0.97,-1.25248
198303,1.73,-1.90872
198304,1.26,-1.81799
198305,1.01,-1.50888
198306,1.9,-1.77545
198307,2.47,-1.66222
198308,1.18,-1.18089
198309,0.47,-0.950152
198310,0.68,-0.926386
198311,1.19,-0.986496
198312,1.72,-1.42346
198401,1.42,-1.59899
198402,1.23,-1.10023
198403,1.56,-1.25494
198404,1,-1.05362
198405,0.87,-0.723769
198406,-0.13,-0.26198
198407,-0.35,-0.0624912
198408,0.01,-0.164871
198409,0.18,-0.485478
198410,0.43,-0.624391
198411,0.54,-0.547154
198412,0.48,-0.498347
198501,0.87,-0.935957
198502,0.48,-0.866493
198503,-0.34,-0.0340523
198504,-0.52,0.036545
198505,-0.87,0.457954
198506,0.04,-0.099432
198507,0.52,-0.803841
198508,0.19,-0.241514
198509,0.13,-0.490765
198510,0.14,-0.347887
198511,-0.65,0.0658665
198512,0.33,-0.671256
198601,1.04,-1.10773
198602,1.47,-1.56471
198603,1.68,-2.03256
198604,1.21,-1.56581
198605,0.85,-1.17294
198606,0.62,-1.11263
198607,1.05,-1.0034
198608,-0.19,-0.708186
198609,-0.03,-0.773077
198610,1,-1.26887
198611,1.68,-1.69113
198612,1.71,-1.71024
198701,1.47,-1.88562
198702,1.46,-1.84279
198703,1.35,-1.7528
198704,1.38,-1.9651
198705,0.82,-1.93507
198706,0.05,-1.04618
198707,1.38,-1.22458
198708,1.74,-1.37232
198709,1.44,-1.43052
198710,0.68,-1.60001
198711,0.93,-1.53343
198712,0.94,-1.09808
198801,0.23,-0.671421
198802,0.47,-0.767001
198803,0.49,-0.72972
198804,0.34,-0.488046
198805,0.37,-0.465898
198806,0.21,-0.0304161
198807,-0.15,-0.0723592
198808,-0.88,0.13119
198809,-0.98,0.143039
198810,-0.36,-0.130413
198811,-0.06,-0.0340824
198812,-0.14,0.24642
198901,-1.24,1.06492
198902,-1.45,1.27333
198903,-1.24,0.893033
198904,-0.32,0.183207
198905,-0.09,-0.332269
198906,0.11,-0.0939741
198907,0.56,-0.500031
198908,-0.44,-0.20955
198909,-0.57,-0.0181033
198910,-0.51,0.0632228
198911,-0.76,0.116486
198912,-0.1,-0.427059
199001,-0.42,-0.190399
199002,-1.28,0.596571
199003,-1.24,0.428434
199004,-0.15,-0.287668
199005,-0.32,-0.405206
199006,-0.25,-0.382839
199007,-0.31,-0.357635
199008,-0.43,-0.161958
199009,-0.26,-0.593459
199010,-1.16,0.137916
199011,-1.88,0.430545
199012,-2.22,0.762013
199101,-1.8,0.716253
199102,-1.09,0.308826
199103,-1.11,0.20665
199104,-1.63,0.708162
199105,-1.65,0.791501
199106,-2.25,1.54313
199107,-1.57,1.07867
199108,-0.58,0.658092
199109,0.37,0.100371
199110,0.41,-0.552459
199111,0.56,-0.685514
199112,-0.21,-0.40856
199201,0.08,-0.358511
199202,0.17,-0.587863
199203,0.12,-0.789703
199204,0.55,-1.02554
199205,1.26,-1.86714
199206,1.22,-1.73286
199207,1.5,-1.72471
199208,0.85,-1.09531
199209,0.45,-0.936989
199210,1.28,-1.31775
199211,1.31,-1.39678
199212,0.33,-0.816576
199301,-0.28,-0.29605
199302,0.02,-0.530485
199303,0.24,-0.794163
199304,1,-1.09248
199305,1.79,-1.48969
199306,2.05,-1.94572
199307,1.48,-1.4675
199308,1.96,-1.7034
199309,1.15,-1.46148
199310,1.31,-1.85963
199311,1.13,-1.76284
199312,0.67,-1.28145
199401,0.85,-1.4759
199402,0.33,-1.0395
199403,0.27,-0.860093
199404,0.49,-1.08559
199405,0.55,-0.989716
199406,0.1,-0.573129
199407,-0.91,-0.336115
199408,-0.88,0.00770575
199409,-1.51,0.151555
199410,-1.06,-0.0837269
199411,-1.93,0.737587
199412,-2.22,1.38172
199501,-0.86,0.346512
199502,0.02,-0.346466
199503,0.46,-0.836633
199504,0.49,-0.776705
199505,0.89,-1.33311
199506,1.03,-1.1334
199507,1,-1.35405
199508,-0.11,-0.650002
199509,1.22,-1.43252
199510,0.64,-0.52257
199511,0.05,-0.568826
199512,0.44,-0.987122
199601,1.01,-1.31291
199602,1.01,-1.2444
199603,0.85,-1.241
199604,1.37,-1.60437
199605,2.13,-2.15213
199606,1.1,-1.52723
199607,0.57,-0.437951
199608,-0.66,-0.277982
199609,0.07,-0.493543
199610,0.4,-0.840135
199611,0.38,-1.03339
199612,-0.03,-0.881659
199701,0.44,-1.22428
199702,0.29,-1.27918
199703,0.39,-1.09287
199704,0.73,-1.36366
199705,1.59,-2.20632
199706,2.55,-2.58442
199707,1.49,-1.46615
199708,2.27,-1.83524
199709,1.8,-1.62809
199710,1.78,-1.5816
199711,1.48,-1.71369
199712,0.99,-1.30495
199801,1.05,-1.34373
199802,1.52,-1.79014
199803,1.29,-1.73131
199804,0.03,-0.898959
199805,-0.83,-0.24395
199806,-0.78,-0.298638
199807,-1.16,-0.369427
199808,-0.87,-0.68306
199809,-1.7,-0.100693
199810,-2.23,0.642585
199811,-0.97,0.236073
199812,-1.09,0.621879
199901,-0.78,0.413111
199902,-1.06,1.12638
199903,-1.18,1.18353
199904,-1.85,1.49743
199905,-2.32,1.66529
199906,-2.34,1.62623
199907,-1.87,1.08966
199908,-1.84,0.918431
199909,-2.24,1.21868
199910,-2.54,1.36113
199911,-2.18,1.35148
199912,-1.92,1.47739
200001,-2.2,1.78753
200002,-1.28,1.37198
200003,-0.66,0.970361
200004,-0.63,0.541007
200005,-0.81,0.628732
200006,-0.64,0.467021
200007,-1.51,0.411843
200008,-1.68,0.577006
200009,-1.45,0.519759
200010,-1.61,0.254251
200011,-1.04,0.463672
200012,0,-0.110893
200101,0.48,-0.482464
200102,-0.01,0.0717676
200103,-0.41,0.0752949
200104,-1.18,0.463971
200105,-1.12,0.650888
200106,-1.22,0.756125
200107,-2.21,0.859048
200108,-1.68,0.522119
200109,-1.98,0.812206
200110,-1.91,0.786364
200111,-1.25,0.660083
200112,-1.12,0.603552
200201,-0.42,0.13312
200202,-1.51,0.807704
200203,-1.27,0.621884
200204,-1.23,0.233891
200205,-1.3,0.555196
200206,-1.18,0.501127
200207,-0.71,0.203264
200208,0.11,-0.0923516
200209,-0.21,-0.284245
200210,-0.2,-0.587779
200211,1.08,-1.28219
200212,1.57,-1.73782
200301,1.45,-1.6756
200302,1.23,-1.67409
200303,1.01,-1.48905
200304,0.36,-0.895331
200305,0.21,-0.564522
200306,-0.42,-0.32202
200307,0.37,-0.891646
200308,0.63,-1.00608
200309,-0.17,-0.469146
200310,0.74,-1.12997
200311,-0.23,-0.889054
200312,-0.6,-0.442515
200401,-0.55,-0.326921
200402,-0.21,-0.431287
200403,-0.15,-0.639099
200404,0,-0.712986
200405,0.61,-1.20951
200406,-0.11,-0.73387
200407,0.04,-0.905511
200408,0.24,-0.883875
200409,0.02,-0.504695
200410,-0.72,-0.114371
200411,-1.22,0.240184
200412,-0.64,0.0133825
200501,-0.15,-0.313463
200502,-0.01,-0.52839
200503,0.7,-1.17263
200504,0.28,-0.976374
200505,1.36,-1.53118
200506,0.85,-0.874153
200507,0.11,-0.580245
200508,-0.42,-0.325827
200509,-0.99,0.215151
200510,-2,0.82577
200511,-1.89,0.9892
200512,-0.1,-0.00191729
200601,0.54,-0.572891
200602,0.38,-0.207161
200603,-0.74,0.316929
200604,-0.54,0.705503
200605,-0.37,0.616263
200606,0.21,-0.187279
200607,0.39,-0.283308
200608,-0.85,0.107117
200609,-1.54,0.528924
200610,-0.46,-0.0134443
200611,-0.81,0.08589
200612,-0.42,0.225214
200701,-0.69,0.575639
200702,-0.71,0.3203
200703,-1.1,0.624297
200704,-0.46,0.342129
200705,-0.29,0.26265
200706,-0.07,0.200111
200707,0.43,-0.488866
200708,0.09,-0.165891
200709,-0.97,0.326705
200710,-2.33,1.61776
200711,-1.46,1.40491
200712,-0.87,0.886804
200801,-1.5,1.52849
200802,-1.46,1.84616
200803,-1.26,1.54283
200804,-1.79,2.00834
200805,-1.62,1.79511
200806,-1.85,1.35488
200807,-1.96,1.16148
200808,-1.85,0.985602
200809,-1.87,1.10706
200810,-1.9,1.45422
200811,-1.59,1.26339
200812,-1.31,0.93945
200901,-1.81,1.41667
200902,-1.78,1.62455
200903,-2.06,1.85209
200904,-2.23,2.21452
200905,-1.32,1.13021
200906,-0.73,0.364731
200907,-0.71,0.668978
200908,-0.49,0.398284
200909,0.33,0.0575587
200910,-0.13,-0.0119322
200911,-0.94,0.497817
200912,-0.51,0.363212
201001,0.05,-0.195776
201002,0.25,-0.363451
201003,-0.16,-0.132944
201004,-0.04,0.0467029
201005,-0.18,0.338992
201006,-0.79,0.50452
201007,-1.99,0.992327
201008,-2.21,1.06696
201009,-2.45,1.15849
201010,-1.6,0.809054
201011,-1.57,0.889412
201012,-2.04,1.32654
201101,-1.8,1.34893
201102,-1.46,1.16636
201103,-1.28,1.35886
201104,-1.02,1.21147
201105,-0.66,1.43708
201106,-1.08,1.57385
201107,-2.3,1.96978
201108,-2.37,1.70273
201109,-2.5,1.41478
201110,-1.92,1.37755
201111,-2.95,2.12588
201112,-2.4,2.15993
201201,-1.85,2.14065
201202,-1.35,1.89078
201203,-1.66,2.06759
201204,-1.01,1.56242
201205,-2.12,1.70541
201206,-1.63,1.54964
201207,-2.4,1.48447
201208,-2.6,1.48466
201209,-2.99,1.82733
201210,-1.22,0.709604
201211,-0.66,0.657604
201212,-1.31,1.08337
201301,-1.1,1.29493
201302,-1.42,1.46998
201303,-1.48,1.48667
201304,-0.72,0.870517
201305,-0.4,0.282851
201306,-1.19,0.652298
201307,-1.34,0.442478
201308,-1.56,0.464444
201309,-1,0.384387
201310,-1.65,0.945711
201311,-1.09,0.334382
201312,-1.04,0.403896
201401,-0.56,0.144477
201402,-0.42,-0.196352
201403,0.3,-0.697446
201404,0.36,-0.712328
201405,1.26,-1.46221
201406,-0.29,-0.623357
201407,0.24,-0.787774
201408,0.33,-0.518764
201409,0.75,-0.784731
201410,1.42,-1.19131
201411,1.35,-1.3245
201412,1.85,-1.78707
201501,1.51,-1.80688
201502,1.52,-2.06867
201503,1.34,-2.15451
201504,0.9,-1.53016
201505,0.33,-1.02698
201506,0.82,-1.36946
201507,1.41,-1.60953
201508,0.98,-1.24517
201509,0.96,-1.61585
201510,0.83,-1.60334
201511,0.16,-0.846035
201512,0.28,-0.419622
201601,0.74,-0.786538
201602,1.3,-1.176
201603,1.58,-1.72897
201604,1.73,-2.02652
201605,1.59,-2.01557
201606,0.85,-1.93249
201607,0.56,-1.51991
201608,-0.61,-0.952275
201609,-0.8,-0.857013
201610,-0.43,-0.436798
201611,0.96,-0.891374
201612,0.6,-0.319335
201701,-0.05,-0.0274621
201702,-0.01,-0.189376
201703,0.1,-0.143834
201704,0.57,-0.414673
201705,0.45,-0.612855
201706,0.35,-0.570228
201707,-0.43,-0.0819424
201708,-0.62,-0.414978
201709,-0.18,-0.302614
201710,-0.68,-0.0441202
201711,-0.59,-0.0243108
201712,-0.03,-0.225314
201801,0.4,-0.33271
201802,-0.08,-0.0161576
201803,-0.71,0.455711
201804,-0.81,0.0741045
201805,-0.45,-0.311614
201806,-0.65,0.113627
201807,-0.01,-0.251506
201808,-0.21,-0.590226
201809,-0.35,-0.417459
201810,-0.57,-0.413345
201811,-0.7,-0.333645
201812,-0.21,-0.41664
201901,-0.33,-0.216351
201902,-0.72,-0.0916571
201903,-0.33,-0.0654144
201904,0.1,-0.589672
201905,0.27,-1.03906
201906,-0.05,-1.13403
201907,0.55,-1.19021
201908,0.01,-0.784971
201909,0.13,-0.53897
201910,-0.89,0.0621257
201911,-0.49,-0.665437
201912,0,-0.866237
202001,-1.41,-9999
202002,-1.47,-9999
202003,-1.75,-9999
202004,-1.31,-9999
202005,-0.51,-9999
202006,-0.76,-9999
202007,-0.9,-9999
202008,-1.32,-9999
202009,-1.03,-9999
202010,-0.62,-9999
202011,-1.58,-9999
202012,-0.98,-9999
202101,-0.61,-9999
202102,-1.09,-9999
202103,-1.67,-9999
202104,-1.84,-9999
202105,-1.96,-9999
202106,-1.81,-9999
202107,-1.91,-9999
202108,-0.98,-9999
